layout,sites,paired_trials,mean_baseline_ms,mean_defaults_ms,runtime_saving_percent
fiction_experiments__bestagon__layouts__fontes18__1bitAdderAOIG,404,64,13.266591141,12.141481750,8.4808
fiction_experiments__bestagon__layouts__fontes18__1bitAdderMaj,255,64,6.671168594,6.556031266,1.7259
fiction_experiments__bestagon__layouts__fontes18__c17,396,64,15.119433000,13.699354781,9.3924
fiction_experiments__bestagon__layouts__fontes18__cm82a_5,1211,64,110.587409531,90.997517547,17.7144
fiction_experiments__bestagon__layouts__fontes18__majority,651,64,30.523119047,23.920782594,21.6306
fiction_experiments__bestagon__layouts__fontes18__majority_5_r1,737,64,40.132157578,32.986250641,17.8059
fiction_experiments__bestagon__layouts__fontes18__newtag,651,64,35.510337937,28.920636000,18.5571
fiction_experiments__bestagon__layouts__fontes18__t,426,64,17.375606703,15.177347062,12.6514
fiction_experiments__bestagon__layouts__fontes18__t_5,448,64,16.945537828,16.183837953,4.4950
fiction_experiments__bestagon__layouts__fontes18__xor,58,64,1.336409609,1.445315719,-8.1492
fiction_experiments__bestagon__layouts__fontes18__xor5Maj,244,64,7.102309297,7.104020094,-0.0241
fiction_experiments__bestagon__layouts__fontes18__xor5_r1,232,64,7.186546875,6.925441391,3.6333
fiction_experiments__bestagon__layouts__trindade16__FA,404,64,12.692513594,12.225225859,3.6816
fiction_experiments__bestagon__layouts__trindade16__HA,173,64,4.005570266,4.005102250,0.0117
fiction_experiments__bestagon__layouts__trindade16__mux21,196,64,5.244833359,5.041308516,3.8805
fiction_experiments__bestagon__layouts__trindade16__par_check,284,64,8.486298812,8.133438859,4.1580
fiction_experiments__bestagon__layouts__trindade16__par_gen,103,64,2.361249375,2.329326797,1.3519
fiction_experiments__bestagon__layouts__trindade16__xnor2,58,64,1.294415422,1.313041672,-1.4390
fiction_experiments__gate_skeletons__rectangular_skeletons__rectangular_1i_left_1o_right,11,64,0.428188859,0.319206281,25.4520
fiction_experiments__gate_skeletons__rectangular_skeletons__rectangular_1i_top_1o_down,11,64,0.358513078,0.322265516,10.1105
fiction_experiments__gate_skeletons__rectangular_skeletons__rectangular_1i_top_1o_right,11,64,0.397416594,0.322802047,18.7749
fiction_experiments__gate_skeletons__rectangular_skeletons__rectangular_1i_top_2o_left_right,16,64,0.398218766,0.376352906,5.4909
fiction_experiments__gate_skeletons__rectangular_skeletons__rectangular_1i_top_2o_right_down,16,64,0.426876344,0.390326141,8.5622
fiction_experiments__gate_skeletons__rectangular_skeletons__rectangular_2i_top_left_1o_right,17,64,0.499880172,0.441363344,11.7062
fiction_experiments__gate_skeletons__rectangular_skeletons__rectangular_2i_top_left_2o_down_right,22,64,0.547325594,0.475934875,13.0436
fiction_experiments__gate_skeletons__skeleton_3_input__3_in_1_out_skeleton_one,25,64,0.743783859,0.560968766,24.5791
fiction_experiments__gate_skeletons__skeleton_3_input__3_in_1_out_skeleton_two,25,64,0.563828797,0.542867156,3.7177
fiction_experiments__gate_skeletons__skeleton_3_input__3_in_2_out_skeleton,28,64,0.688795562,0.617664047,10.3269
fiction_experiments__gate_skeletons__skeleton_3_input__3_in_3_out_skeleton,33,64,0.814295578,0.709774016,12.8358
fiction_experiments__gate_skeletons__skeleton_bestagons_with_tags__skeleton_hex_inputsdbp_1i1o_diagonal,11,64,0.535770875,0.301718719,43.6851
fiction_experiments__gate_skeletons__skeleton_bestagons_with_tags__skeleton_hex_inputsdbp_1i1o_straight,11,64,0.341604875,0.299679766,12.2730
fiction_experiments__gate_skeletons__skeleton_bestagons_with_tags__skeleton_hex_inputsdbp_1i2o,18,64,0.474767578,0.437294984,7.8928
fiction_experiments__gate_skeletons__skeleton_bestagons_with_tags__skeleton_hex_inputsdbp_2i1o,19,64,0.524127016,0.453225922,13.5275
fiction_experiments__gate_skeletons__skeleton_bestagons_with_tags__skeleton_hex_inputsdbp_2i2o,22,64,0.486921891,0.456774094,6.1915
fiction_experiments__sidb_gate_libraries__bestagon_gates__and,23,64,0.759538453,0.570713469,24.8605
fiction_experiments__sidb_gate_libraries__bestagon_gates__cx,29,64,0.646182250,0.768708953,-18.9616
fiction_experiments__sidb_gate_libraries__bestagon_gates__fo2,21,64,0.588340531,0.518477969,11.8745
fiction_experiments__sidb_gate_libraries__bestagon_gates__ha,26,64,0.762964797,0.628157578,17.6689
fiction_experiments__sidb_gate_libraries__bestagon_gates__hourglass,30,64,0.712024734,0.691651016,2.8614
fiction_experiments__sidb_gate_libraries__bestagon_gates__inv,19,64,0.806612609,0.558174531,30.8002
fiction_experiments__sidb_gate_libraries__bestagon_gates__inv_diag,19,64,0.646410172,0.449671203,30.4356
fiction_experiments__sidb_gate_libraries__bestagon_gates__nand,21,64,0.513150969,0.585869766,-14.1710
fiction_experiments__sidb_gate_libraries__bestagon_gates__nor,21,64,0.504479797,0.509071609,-0.9102
fiction_experiments__sidb_gate_libraries__bestagon_gates__or,23,64,0.605441406,0.546223344,9.7810
fiction_experiments__sidb_gate_libraries__bestagon_gates__wire,16,64,0.413233125,0.457402344,-10.6887
fiction_experiments__sidb_gate_libraries__bestagon_gates__wire_diag,17,64,0.488580047,0.421802703,13.6676
fiction_experiments__sidb_gate_libraries__bestagon_gates__xnor,23,64,0.606714250,0.551346969,9.1258
fiction_experiments__sidb_gate_libraries__bestagon_gates__xor,23,64,0.811825484,0.545966734,32.7483
fiction_experiments__sidb_gate_libraries__siqad_gates__and,11,64,0.428070375,0.316277391,26.1156
fiction_experiments__sidb_gate_libraries__siqad_gates__nand,13,64,0.421513687,0.429390703,-1.8687
fiction_experiments__sidb_gate_libraries__siqad_gates__or,11,64,0.391437469,0.295257734,24.5709
fiction_experiments__sidb_gate_libraries__siqad_gates__xnor,14,64,0.366339203,0.395841844,-8.0534
fiction_experiments__sidb_gate_libraries__siqad_gates__xor,13,64,0.418158234,0.327786438,21.6119
fiction_test__python__resources__AND_mu_032_kinks,22,64,0.623826766,0.632429047,-1.3790
fiction_test__python__resources__Bestagon_AND_mu_025_v0,14,64,0.371268922,0.363165344,2.1827
fiction_test__resources__bestagon_library__multi_tile_layout__INV,43,64,1.119371641,1.029703062,8.0106
fiction_test__resources__bestagon_library__multi_tile_layout__NAND,56,64,1.291845687,1.226678938,5.0445
fiction_test__resources__bestagon_library__multi_tile_layout__NOR,56,64,1.369046172,1.243750016,9.1521
fiction_test__resources__bestagon_library__multi_tile_layout__OR,58,64,1.577091125,1.389465484,11.8969
fiction_test__resources__bestagon_library__multi_tile_layout__XNOR,62,64,1.562064469,1.246070313,20.2293
fiction_test__resources__bestagon_library__multi_tile_layout__XOR,58,64,1.261785734,1.230785734,2.4568
fiction_test__resources__bestagon_library__multi_tile_layout__double_wire,78,64,1.676065797,1.687542844,-0.6848
fiction_test__resources__on_the_fly_gate_library__multi_tile_layout__INV,36,64,1.002296156,0.724330141,27.7329
fiction_test__resources__on_the_fly_gate_library__multi_tile_layout__NAND,53,64,1.302343828,1.023720719,21.3940
fiction_test__resources__on_the_fly_gate_library__multi_tile_layout__NOR,53,64,1.233934266,1.093910172,11.3478
fiction_test__resources__on_the_fly_gate_library__multi_tile_layout__OR,53,64,1.122744250,0.971393875,13.4804
fiction_test__resources__on_the_fly_gate_library__multi_tile_layout__XNOR,53,64,1.106767609,1.110581344,-0.3446
fiction_test__resources__on_the_fly_gate_library__multi_tile_layout__XOR,53,64,1.050420000,1.011475328,3.7075
fiction_test__resources__on_the_fly_gate_library__multi_tile_layout__XOR_rejecting_kinks,53,64,1.200433578,0.986544984,17.8176
fiction_test__resources__on_the_fly_gate_library__multi_tile_layout__double_wire,69,64,1.537949281,1.315660828,14.4536
fiction_test__resources__on_the_fly_gate_library__multi_tile_layout__predefined_double_wire,65,64,1.461124359,1.240109297,15.1264
fiction_test__resources__on_the_fly_gate_library__single_tile_layout__AND_gate,19,64,0.493349625,0.451436219,8.4957
fiction_test__resources__on_the_fly_gate_library__single_tile_layout__double_wire_gate,69,64,1.400807828,1.329461641,5.0932
fiction_experiments__sidb_gate_libraries__bestagon_gates__and__bdl_distance_00,21,64,0.636052719,0.515619172,18.9345
fiction_experiments__sidb_gate_libraries__bestagon_gates__and__bdl_distance_01,21,64,0.504535125,0.503205672,0.2635
fiction_experiments__sidb_gate_libraries__bestagon_gates__and__bdl_distance_10,21,64,0.529209609,0.522681703,1.2335
fiction_experiments__sidb_gate_libraries__bestagon_gates__and__bdl_distance_11,21,64,0.602796297,0.508850281,15.5850
fiction_experiments__sidb_gate_libraries__bestagon_gates__cx__bdl_distance_00,27,64,0.889809203,0.668028047,24.9246
fiction_experiments__sidb_gate_libraries__bestagon_gates__cx__bdl_distance_01,27,64,0.594356109,0.607138047,-2.1506
fiction_experiments__sidb_gate_libraries__bestagon_gates__cx__bdl_distance_10,27,64,0.688903641,0.605091797,12.1660
fiction_experiments__sidb_gate_libraries__bestagon_gates__cx__bdl_distance_11,27,64,0.666145937,0.589203766,11.5503
fiction_experiments__sidb_gate_libraries__bestagon_gates__fo2__bdl_distance_0,20,64,0.563003875,0.499983750,11.1936
fiction_experiments__sidb_gate_libraries__bestagon_gates__fo2__bdl_distance_1,20,64,0.658791109,0.507548844,22.9575
fiction_experiments__sidb_gate_libraries__bestagon_gates__ha__bdl_distance_00,24,64,0.641667969,0.560430281,12.6604
fiction_experiments__sidb_gate_libraries__bestagon_gates__ha__bdl_distance_01,24,64,0.641117266,0.563436188,12.1165
fiction_experiments__sidb_gate_libraries__bestagon_gates__ha__bdl_distance_10,24,64,0.570084594,0.572029312,-0.3411
fiction_experiments__sidb_gate_libraries__bestagon_gates__ha__bdl_distance_11,24,64,0.696740922,0.637761047,8.4651
fiction_experiments__sidb_gate_libraries__bestagon_gates__hourglass__bdl_distance_00,28,64,0.759513672,0.639900344,15.7487
fiction_experiments__sidb_gate_libraries__bestagon_gates__hourglass__bdl_distance_01,28,64,0.757173187,0.744897141,1.6213
fiction_experiments__sidb_gate_libraries__bestagon_gates__hourglass__bdl_distance_10,28,64,0.820243484,0.745258469,9.1418
fiction_experiments__sidb_gate_libraries__bestagon_gates__hourglass__bdl_distance_11,28,64,0.691056047,0.664543625,3.8365
fiction_experiments__sidb_gate_libraries__bestagon_gates__inv__bdl_distance_0,18,64,0.544791672,0.531764266,2.3913
fiction_experiments__sidb_gate_libraries__bestagon_gates__inv__bdl_distance_1,18,64,0.548776766,0.516446000,5.8914
fiction_experiments__sidb_gate_libraries__bestagon_gates__inv_diag__bdl_distance_0,18,64,0.572639953,0.418188813,26.9718
fiction_experiments__sidb_gate_libraries__bestagon_gates__inv_diag__bdl_distance_1,18,64,0.461857375,0.430803359,6.7237
fiction_experiments__sidb_gate_libraries__bestagon_gates__nand__bdl_distance_00,19,64,0.505107984,0.497904953,1.4260
fiction_experiments__sidb_gate_libraries__bestagon_gates__nand__bdl_distance_01,19,64,0.466855609,0.445154422,4.6484
fiction_experiments__sidb_gate_libraries__bestagon_gates__nand__bdl_distance_10,19,64,0.563779922,0.556102031,1.3619
fiction_experiments__sidb_gate_libraries__bestagon_gates__nand__bdl_distance_11,19,64,0.588671922,0.471063828,19.9785
fiction_experiments__sidb_gate_libraries__bestagon_gates__nor__bdl_distance_00,19,64,0.596144547,0.461970703,22.5069
fiction_experiments__sidb_gate_libraries__bestagon_gates__nor__bdl_distance_01,19,64,0.472117828,0.477822969,-1.2084
fiction_experiments__sidb_gate_libraries__bestagon_gates__nor__bdl_distance_10,19,64,0.495288437,0.455242187,8.0854
fiction_experiments__sidb_gate_libraries__bestagon_gates__nor__bdl_distance_11,19,64,0.503580703,0.470990219,6.4718
fiction_experiments__sidb_gate_libraries__bestagon_gates__or__bdl_distance_00,21,64,0.548287094,0.589848281,-7.5802
fiction_experiments__sidb_gate_libraries__bestagon_gates__or__bdl_distance_01,21,64,0.578957750,0.538584547,6.9734
fiction_experiments__sidb_gate_libraries__bestagon_gates__or__bdl_distance_10,21,64,0.681536453,0.495256516,27.3324
fiction_experiments__sidb_gate_libraries__bestagon_gates__or__bdl_distance_11,21,64,0.537794969,0.621341094,-15.5349
fiction_experiments__sidb_gate_libraries__bestagon_gates__wire__bdl_distance_0,15,64,0.437343797,0.557593000,-27.4953
fiction_experiments__sidb_gate_libraries__bestagon_gates__wire__bdl_distance_1,15,64,0.470770859,0.399304750,15.1807
fiction_experiments__sidb_gate_libraries__bestagon_gates__wire_diag__bdl_distance_0,16,64,0.453958312,0.391372469,13.7867
fiction_experiments__sidb_gate_libraries__bestagon_gates__wire_diag__bdl_distance_1,16,64,0.479595734,0.409021500,14.7154
fiction_experiments__sidb_gate_libraries__bestagon_gates__xnor__bdl_distance_00,21,64,0.500583328,0.511621781,-2.2051
fiction_experiments__sidb_gate_libraries__bestagon_gates__xnor__bdl_distance_01,21,64,0.483819672,0.514087922,-6.2561
fiction_experiments__sidb_gate_libraries__bestagon_gates__xnor__bdl_distance_10,21,64,0.560448516,0.510275375,8.9523
fiction_experiments__sidb_gate_libraries__bestagon_gates__xnor__bdl_distance_11,21,64,0.584858109,0.483180953,17.3849
fiction_experiments__sidb_gate_libraries__bestagon_gates__xor__bdl_distance_00,21,64,0.498050172,0.500833297,-0.5588
fiction_experiments__sidb_gate_libraries__bestagon_gates__xor__bdl_distance_01,21,64,0.530469328,0.528483703,0.3743
fiction_experiments__sidb_gate_libraries__bestagon_gates__xor__bdl_distance_10,21,64,0.555014328,0.484895109,12.6338
fiction_experiments__sidb_gate_libraries__bestagon_gates__xor__bdl_distance_11,21,64,0.536867078,0.565205141,-5.2784
mnt_fallback_813,62,64,1.448582656,1.249423844,13.7485
mnt_fallback_818,62,64,1.551899703,1.307905734,15.7223
mnt_fallback_848,58,64,1.278304000,1.229581953,3.8115
mnt_fallback_853,58,64,1.269570938,1.296852156,-2.1489
